id,name,countries,program_ids,program_label,last_seen
NK-24cf2zYe7LEKhr2zFck73j,Nurkez,pa,US-RUSHAR,Russia (Urals/ESPO/Sokol),2026-08-20T14:11:27
NK-2HrKUpiVrw2jhkyvob5NwG,ARTEMIS OFFSHORE,ru,US-RUSHAR,Russia (Urals/ESPO/Sokol),2026-08-20T14:11:27
NK-2K889NAwfB44efJez84A5p,Yard No. 9918781 Zvezda-Dsme,ru,US-RUSHAR,Russia (Urals/ESPO/Sokol),2026-08-20T14:11:27
NK-2KotipYq4XJLfj63MjH9pQ,POLA MARINA,,US-RUSHAR,Russia (Urals/ESPO/Sokol),2026-08-20T14:11:27
NK-2WSDaGMdocRyZUtS35MXdR,SVYATOY KNYAZ VLADIMIR,ru,US-RUSHAR,Russia (Urals/ESPO/Sokol),2026-08-20T14:11:27
NK-2atCwBvQr42d4BA6xstbH4,Antey,ru,US-RUSHAR,Russia (Urals/ESPO/Sokol),2026-08-20T14:11:27
NK-2ayQz9ybGnN2kLirWSXaiW,VAFA,ru,US-RUSHAR,Russia (Urals/ESPO/Sokol),2026-08-20T14:11:27
NK-2iBvbCy64A7DFfb8McHMmi,Baltic Leader,ru,US-RUSHAR,Russia (Urals/ESPO/Sokol),2026-08-20T14:11:27
NK-2sVnNHmsvEnNfmT4cyxXQv,MYS ZHELANIYA,ru,US-RUSHAR,Russia (Urals/ESPO/Sokol),2026-08-20T14:11:27
NK-3N6hmmCcH9MJy6L6n8vFit,S. Kuznetsov,ru,US-RUSHAR,Russia (Urals/ESPO/Sokol),2026-08-20T14:11:27
NK-3QZ8uEiC9wjmVvU58uF9w4,SASCO Angara,ru,US-RUSHAR,Russia (Urals/ESPO/Sokol),2026-08-20T14:11:27
NK-3XmEzvwy2NMcTreVp9qjPK,Amuay,ve,US-VEN,Venezuela (Merey),2026-08-20T14:11:27
NK-3iejX2FKXoNfNRFGtwuMAh,Lady Leila,ru,US-RUSHAR,Russia (Urals/ESPO/Sokol),2026-08-20T14:11:27
NK-3tJWc6bZkEj3EUArihVFTF,SAGITTA,pa,US-RUSHAR,Russia (Urals/ESPO/Sokol),2026-08-20T14:11:27
NK-3zGaGguoqRoQXkg4UaeWjR,Mikhail Ulyanov,ru,US-RUSHAR,Russia (Urals/ESPO/Sokol),2026-08-20T14:11:27
NK-3zPncqHyB56Rv6P2wyCH6V,Teriberka,ru,US-RUSHAR,Russia (Urals/ESPO/Sokol),2026-08-20T14:11:27
NK-4HCJ4GcbRWPwwnWXXEd8Zd,Nellis,lr,US-RUSHAR,Russia (Urals/ESPO/Sokol),2026-08-20T14:11:27
NK-4TgWMfVFLyn2ypcz7xUxH9,SHTURMAN SHCHERBININ,ru,US-RUSHAR,Russia (Urals/ESPO/Sokol),2026-08-20T14:11:27
NK-4gUja29YgYvVPjrr93kX9Y,Nikolai Leonov,ru,US-RUSHAR,Russia (Urals/ESPO/Sokol),2026-08-20T14:11:27
NK-4mtNTTTDvdwQ7UCY6CLdos,BALTIYSKIY-111,ru,US-RUSHAR,Russia (Urals/ESPO/Sokol),2026-08-20T14:11:27
NK-55AvMbDqSvqykZNNZrTMWq,YORACO,ve,US-VEN,Venezuela (Merey),2026-08-20T14:11:27
NK-5BMYfw2d8CsekxMgjNyp2g,FEDOR USHAKOV,ru,US-RUSHAR,Russia (Urals/ESPO/Sokol),2026-08-20T14:11:27
NK-5E8KkgsKcSNiwsBhTeYsKp,Mekhanik Pyatlin,ru,US-RUSHAR,Russia (Urals/ESPO/Sokol),2026-08-20T14:11:27
NK-5YgB6583Nr4y4gToXoM6xU,SAKHALIN ISLAND,pa,US-RUSHAR,Russia (Urals/ESPO/Sokol),2026-08-20T14:11:27
NK-5pLi27Jb4zML7QGjpnoau7,Polar Rock,ru,US-RUSHAR,Russia (Urals/ESPO/Sokol),2026-08-20T14:11:27
NK-5rNNVL9oDSBM72eyFXyWgN,POLA MAKARIA,,US-RUSHAR,Russia (Urals/ESPO/Sokol),2026-08-20T14:11:27
NK-62VNqQWbZXnpoa96qBsez7,SCF Endeavour,ru,US-RUSHAR,Russia (Urals/ESPO/Sokol),2026-08-20T14:11:27
NK-64kbxfdZ2Kyv6eYteNHvUd,Yard No. 9918779 Zvezda-Dsme,ru,US-RUSHAR,Russia (Urals/ESPO/Sokol),2026-08-20T14:11:27
NK-6BoCn4DtY5K43k2kH4pDm8,Corum,pa,US-RUSHAR,Russia (Urals/ESPO/Sokol),2026-08-20T14:11:27
NK-6DUz2269zDsoGJZacAW2Xx,Sara II,lr,US-RUSHAR,Russia (Urals/ESPO/Sokol),2026-08-20T14:11:27
NK-6Gs67CwjscBUVvVtNuB97t,HS Legend,lr,US-RUSHAR,Russia (Urals/ESPO/Sokol),2026-08-20T14:11:27
NK-6PEZnHu4MtLovjiPMubdKL,VALENTIN PIKUL,ru,US-RUSHAR,Russia (Urals/ESPO/Sokol),2026-08-20T14:11:27
NK-6TgRb4ZFsx9egJ5nrN8khS,Kapitan Gotsky,ru,US-RUSHAR,Russia (Urals/ESPO/Sokol),2026-08-20T14:11:27
NK-6VZAtgDfpTXXXZMNzzEPkt,Huihai Pacific,pa,US-RUSHAR,Russia (Urals/ESPO/Sokol),2026-08-20T14:11:27
NK-6XygrpU66SHavGZaTSFQX6,MANUELA SAENZ,ve,US-VEN,Venezuela (Merey),2026-08-20T14:11:27
NK-6kpJL7syo85ekqVXh2HyzH,LAUREN II,pa,US-RUSHAR,Russia (Urals/ESPO/Sokol),2026-08-20T14:11:27
NK-6mpHgMjVozp52Ct8VJaKAq,Nikolay Zadornov,pa,US-RUSHAR,Russia (Urals/ESPO/Sokol),2026-08-20T14:11:27
NK-6oksqcRfNjvb5Mmb5dQGqz,Siyanie Severa,ru,US-RUSHAR,Russia (Urals/ESPO/Sokol),2026-08-20T14:11:27
NK-6vpvcz2BaPHXPkjTvqtE3X,Inzhener Trubin,ru,US-RUSHAR,Russia (Urals/ESPO/Sokol),2026-08-20T14:11:27
NK-6z7ShSZ8UHWdk5QQ6JweCv,YARE,ve,US-VEN,Venezuela (Merey),2026-08-20T14:11:27
NK-6zjUt3RHPu4kL6xCnR2MD4,AMAPOLA 1,ve,US-VEN,Venezuela (Merey),2026-08-20T14:11:27
NK-7DE2gQ3gPfV4ri5g2S5yWx,Osperous,lr,US-RUSHAR,Russia (Urals/ESPO/Sokol),2026-08-20T14:11:27
NK-7JYZWbY82m4RB6nJMC6MEL,Grigoriy Mikheyev,ru,US-RUSHAR,Russia (Urals/ESPO/Sokol),2026-08-20T14:11:27
NK-7PUERQNTZoRdC4LhecHM6V,ASTROL-1,,US-RUSHAR,Russia (Urals/ESPO/Sokol),2026-08-20T14:11:27
NK-7ZKA2hG5X8Pnn6VBpefY4s,Chizhovka,ru,US-RUSHAR,Russia (Urals/ESPO/Sokol),2026-08-20T14:11:27
NK-7aviba2EW6bAvH8PF4quZM,Navis 6,ru,US-RUSHAR,Russia (Urals/ESPO/Sokol),2026-08-20T14:11:27
NK-7mUiXAcpz7fwnDaDjpgTuH,TAIMYR,ru,US-RUSHAR,Russia (Urals/ESPO/Sokol),2026-08-20T14:11:27
NK-7oBgcHDkndibRvPmLwNQLd,Sensus,lr,US-RUSHAR,Russia (Urals/ESPO/Sokol),2026-08-20T14:11:27
NK-7qVMM6EKLbGkmhpFcXyDDW,SANAR 15,ru,US-RUSHAR,Russia (Urals/ESPO/Sokol),2026-08-20T14:11:27
NK-7uRCvTT6dAfJkpRwWhgKJo,POLA SEVASTIANA,,US-RUSHAR,Russia (Urals/ESPO/Sokol),2026-08-20T14:11:27
NK-7wUwq8KNqjLmXU7emDefE3,Salty Wolf,pa,US-RUSHAR,Russia (Urals/ESPO/Sokol),2026-08-20T14:11:27
NK-7xtxK7yTBRYBLNP5jdjVmx,Owens,pa,US-RUSHAR,Russia (Urals/ESPO/Sokol),2026-08-20T14:11:27
NK-8XDoRbYACVvu8X2si2Xjde,JAZMIN,ve,US-VEN,Venezuela (Merey),2026-08-20T14:11:27
NK-8Z6ccggGu7C9dYkBe3kwLv,VYAZ,ru,US-RUSHAR,Russia (Urals/ESPO/Sokol),2026-08-20T14:11:27
NK-8bKrgTK7kzYCBSLkgsCX3x,Hunter Star,pa,US-RUSHAR,Russia (Urals/ESPO/Sokol),2026-08-20T14:11:27
NK-8ffQ6SUM2SCsJ6jiT5F73P,Krymsk,ga,US-RUSHAR,Russia (Urals/ESPO/Sokol),2026-08-20T14:11:27
NK-8jnWz6rPDEYiLGPfn66yWL,Mekhanik Makarin,ru,US-RUSHAR,Russia (Urals/ESPO/Sokol),2026-08-20T14:11:27
NK-8qVByL7GvgHWPGTY6K9DrS,DOBRYNYA,ru,US-RUSHAR,Russia (Urals/ESPO/Sokol),2026-08-20T14:11:27
NK-8tekCepJz2Uea2RGGEa7qS,BARENTS,ru,US-RUSHAR,Russia (Urals/ESPO/Sokol),2026-08-20T14:11:27
NK-933VytZQRSXumMjr6xmJEL,OXIS,cm,US-RUSHAR,Russia (Urals/ESPO/Sokol),2026-08-20T14:11:27
NK-93Wt7jjJcEe26QN86Khnkn,Sparta IV,ru,US-RUSHAR,Russia (Urals/ESPO/Sokol),2026-08-20T14:11:27
NK-96oRYwKPqT43uh2i7xZ9D3,Olivia,sl,US-RUSHAR,Russia (Urals/ESPO/Sokol),2026-08-20T14:11:27
NK-97hwtfNAwvicUvUoqLCatz,Olympia,ky,US-RUSHAR,Russia (Urals/ESPO/Sokol),2026-08-20T14:11:27
NK-9K5KwTtAEmhJHUUA49Viuo,Zaliv Amerika,pa,US-RUSHAR,Russia (Urals/ESPO/Sokol),2026-08-20T14:11:27
NK-9TGSUxPvDMWAhLKdfYjgTT,serenity,gy,US-VEN,Venezuela (Merey),2026-08-20T14:11:27
NK-9cxSLTi8fjBRHxt8qebytt,BALTIYSK,ru,US-RUSHAR,Russia (Urals/ESPO/Sokol),2026-08-20T14:11:27
NK-9mEYY5uY3wXcZVDf7dmGt5,BICENTENARIO XIII,ve,US-VEN,Venezuela (Merey),2026-08-20T14:11:27
NK-9pFkjfVAZpiB9zUEDT8ias,ALEKSANDR SOKOLOV,,US-RUSHAR,Russia (Urals/ESPO/Sokol),2026-08-20T14:11:27
NK-9taEJKR55cCMC99ryjmngC,Avrora Sirius,ru,US-RUSHAR,Russia (Urals/ESPO/Sokol),2026-08-20T14:11:27
NK-9wTegQ2v4kgAh8cihAveMG,Orient Harmony,pa,US-RUSHAR,Russia (Urals/ESPO/Sokol),2026-08-20T14:11:27
NK-9zH9Ks2s43NXbLnvUsDi7Y,Vasily Dinkov,ru,US-RUSHAR,Russia (Urals/ESPO/Sokol),2026-08-20T14:11:27
NK-A89iPLK4Wb2xiaMdxBWb7L,RN USSURI,ru,US-RUSHAR,Russia (Urals/ESPO/Sokol),2026-08-20T14:11:27
NK-ALXabJRRKtFVGxmLWJ7Uyy,M SOPHIA,pa,US-RUSHAR,Russia (Urals/ESPO/Sokol),2026-08-20T14:11:27
NK-APxxGHYzZDcPUoouY4cbvz,Mekhanik Brilin,ru,US-RUSHAR,Russia (Urals/ESPO/Sokol),2026-08-20T14:11:27
NK-AQPhm5conY23pVzm4Uhcdu,H. CONSTANCE,pa,US-VEN,Venezuela (Merey),2026-08-20T14:11:27
NK-AVzJwZgeMxx6VG9S9ekMzQ,BICENTENARIO XI,ve,US-VEN,Venezuela (Merey),2026-08-20T14:11:27
NK-AeM6TjfC9zBnuB2DB2y8GU,SCF Endurance,ru,US-RUSHAR,Russia (Urals/ESPO/Sokol),2026-08-20T14:11:27
NK-AtERWzWhM9DwLjcrQwyiPL,CAPTAIN YAKUBOVICH,ru,US-RUSHAR,Russia (Urals/ESPO/Sokol),2026-08-20T14:11:27
NK-AxZjyKbSuqEiSXPL2qkReB,BICENTENARIO XII,ve,US-VEN,Venezuela (Merey),2026-08-20T14:11:27
NK-BE7Vv22sRvXTmRSmUtDGn4,Yevgeny Primakov,ru,US-RUSHAR,Russia (Urals/ESPO/Sokol),2026-08-20T14:11:27
NK-BFWy5x37LvL5eZFNQ4cZbJ,Shturman Malygin,ru,US-RUSHAR,Russia (Urals/ESPO/Sokol),2026-08-20T14:11:27
NK-BHq7FJetMXK3EFMSvjQzWq,Kapitan Ryntsyn,ru,US-RUSHAR,Russia (Urals/ESPO/Sokol),2026-08-20T14:11:27
NK-BJKtwNjWwfGAQSGrAUf5JA,CARIBE,ve,US-VEN,Venezuela (Merey),2026-08-20T14:11:27
NK-BV6Pi89PGg5PmCiksnCkLj,POLA VARVARA,,US-RUSHAR,Russia (Urals/ESPO/Sokol),2026-08-20T14:11:27
NK-BVvGKHHg4FFeSiTDTURyuC,PROFESSOR RYABINKIN,ru,US-RUSHAR,Russia (Urals/ESPO/Sokol),2026-08-20T14:11:27
NK-BfBUqutixbYufGY64nKAyS,VASILY LANOVOY,ru,US-RUSHAR,Russia (Urals/ESPO/Sokol),2026-08-20T14:11:27
NK-Bk6faV2hEt9rAFK74uWS34,Valiant,cn;hk,US-VEN,Venezuela (Merey),2026-08-20T14:11:27
NK-BmhPz63viPAJbRkXxCLehw,Kapitan Kokovin,ru,US-RUSHAR,Russia (Urals/ESPO/Sokol),2026-08-20T14:11:27
NK-C3hmS6PXiZYRhA2p3Y5Ph2,HENG TAI,pa,US-RUSHAR,Russia (Urals/ESPO/Sokol),2026-08-20T14:11:27
NK-CJQY4Lwh8ssoYYaFqBEPZx,MIKHAIL BRITNEV,ru,US-RUSHAR,Russia (Urals/ESPO/Sokol),2026-08-20T14:11:27
NK-ChV79FCxpcGzhAMJTB8ayF,Zakamsk,ru,US-RUSHAR,Russia (Urals/ESPO/Sokol),2026-08-20T14:11:27
NK-CjYtnvET8TZxcscTsfmVgW,Alpha Helios,ru,US-RUSHAR,Russia (Urals/ESPO/Sokol),2026-08-20T14:11:27
NK-D6BVAXrgDdEFDDN52Yk6j6,BALTIYSKIY ISSLEDOVATEL,ru,US-RUSHAR,Russia (Urals/ESPO/Sokol),2026-08-20T14:11:27
NK-DDryRaTbPCBcw8xpmKUKQa,Belomorskiy,ru,US-RUSHAR,Russia (Urals/ESPO/Sokol),2026-08-20T14:11:27
NK-DJnmyDhUJcyt4tk3hK9M6j,Aristo,lr,US-RUSHAR,Russia (Urals/ESPO/Sokol),2026-08-20T14:11:27
NK-DUMPHMZvcDWatKeexBew89,Nereus Sophia,pa,US-RUSHAR,Russia (Urals/ESPO/Sokol),2026-08-20T14:11:27
NK-DUkraTcwDGQji6gDoRnvij,Talisman,bb,US-RUSHAR,Russia (Urals/ESPO/Sokol),2026-08-20T14:11:27
NK-DXvVv4UM8sKgezE7ZJoxSp,MARGARITA 1,ve,US-VEN,Venezuela (Merey),2026-08-20T14:11:27
NK-DdsN8Ygts8Tt2EuycXoWcs,North Sky,pa,US-RUSHAR,Russia (Urals/ESPO/Sokol),2026-08-20T14:11:27
NK-DiSi7R34qMQuirGvaasiqd,boris kustodiev,ru,US-RUSHAR,Russia (Urals/ESPO/Sokol),2026-08-20T14:11:27
NK-DpGsLpE8EPMp9AHmYxMsq4,Panda,gy;vn,US-RUSHAR,Russia (Urals/ESPO/Sokol),2026-08-20T14:11:27
NK-DtPJcts6xyXyKbv5z3p6xh,ATTICA,ga,US-RUSHAR,Russia (Urals/ESPO/Sokol),2026-08-20T14:11:27
NK-Dvem6bvCJ4RPqvSDKk9ymn,La Pride,lr,US-RUSHAR,Russia (Urals/ESPO/Sokol),2026-08-20T14:11:27
NK-E7pJMSxKkjwnXnu4And2Yx,Mermar,pa,US-RUSHAR,Russia (Urals/ESPO/Sokol),2026-08-20T14:11:27
NK-E9h9MSLi6JTdSwxjcuwFVn,Vladimir Latyshev,ru,US-RUSHAR,Russia (Urals/ESPO/Sokol),2026-08-20T14:11:27
NK-ECA3JRcqRzYXZawMqa97PQ,Universal,bb,US-RUSHAR,Russia (Urals/ESPO/Sokol),2026-08-20T14:11:27
NK-EJmA8XXp77mz8agoCcn2v9,Aleksey Chirikov,ru,US-RUSHAR,Russia (Urals/ESPO/Sokol),2026-08-20T14:11:27
NK-ENqmLNnyHnnM3jEHeWZVmN,BOREY G,pa,US-RUSHAR,Russia (Urals/ESPO/Sokol),2026-08-20T14:11:27
NK-ES6SML4H6bRcopkRdXkNPV,Vyacheslav Tikhonov,ru,US-RUSHAR,Russia (Urals/ESPO/Sokol),2026-08-20T14:11:27
NK-EYHgy5dtWpzCmBJBhFz3Dz,AKADEMIK LAZEREV,ru,US-RUSHAR,Russia (Urals/ESPO/Sokol),2026-08-20T14:11:27
NK-EYqghh69WC4PM8ZL7RRkLd,Alexandr Deev,ru,US-RUSHAR,Russia (Urals/ESPO/Sokol),2026-08-20T14:11:27
NK-Ebz84yHtrneCrfoQErNDmo,Valentin Emirov,ru,US-RUSHAR,Russia (Urals/ESPO/Sokol),2026-08-20T14:11:27
NK-Ed3UWjSTLRJETL9u9pVBfR,SHTURMAN KOSHELEV,ru,US-RUSHAR,Russia (Urals/ESPO/Sokol),2026-08-20T14:11:27
NK-EgviSPGwVGFNiFaEYgi98L,Zaliv Vostok,pa,US-RUSHAR,Russia (Urals/ESPO/Sokol),2026-08-20T14:11:27
NK-EkGuWC8DTMtkmbu3WvYpv5,Etim Emin,ru,US-RUSHAR,Russia (Urals/ESPO/Sokol),2026-08-20T14:11:27
NK-ErjtttxRcwwdENNwHcryhA,Gasret Aliev,ru,US-RUSHAR,Russia (Urals/ESPO/Sokol),2026-08-20T14:11:27
NK-F9cDRHeT5RyyRkDpDsiGxX,Teriberka,ru,US-RUSHAR,Russia (Urals/ESPO/Sokol),2026-08-20T14:11:27
NK-FFE6o5j63Dyx85qog9UYrJ,LUISA CACERES DE ARISMENDI,ve,US-VEN,Venezuela (Merey),2026-08-20T14:11:27
NK-FG99Tkk5Bc3qpfekfA7U2j,Peria,lr,US-RUSHAR,Russia (Urals/ESPO/Sokol),2026-08-20T14:11:27
NK-FNqTuLm859Kfoc5yK8FxCw,AKADEMIK NEMCHINOV,ru,US-RUSHAR,Russia (Urals/ESPO/Sokol),2026-08-20T14:11:27
NK-FVmxDDyzMSkPR7xiriNbgm,GELENDZHIK,ru,US-RUSHAR,Russia (Urals/ESPO/Sokol),2026-08-20T14:11:27
NK-FjM4fTF7GbL9wi5WnHx95s,PING AN,pa,US-RUSHAR,Russia (Urals/ESPO/Sokol),2026-08-20T14:11:27
NK-Fkt3oLrUr6iPmGDeV5h5xH,MANAURE,ve,US-VEN,Venezuela (Merey),2026-08-20T14:11:27
NK-FxLFGrFmGRCYrcGspkuz3y,BICENTENARIO X,ve,US-VEN,Venezuela (Merey),2026-08-20T14:11:27
NK-GPkkbhp3NM4ekkATMA9cSH,Rigel,bb,US-RUSHAR,Russia (Urals/ESPO/Sokol),2026-08-20T14:11:27
NK-GR6UUxhrCTzodia9CUhaaS,Petrotrans 5902,ru,US-RUSHAR,Russia (Urals/ESPO/Sokol),2026-08-20T14:11:27
NK-GZsUhHJxmbygZbm4EsQeaV,BICENTENARIO XV,ve,US-VEN,Venezuela (Merey),2026-08-20T14:11:27
NK-GcC2gzRR5rL88Pms4EPpDP,GIRALT,pa,US-VEN,Venezuela (Merey),2026-08-20T14:11:27
NK-GgfznQo5i66nHGrwXZCPR2,BICENTENARIO II,ve,US-VEN,Venezuela (Merey),2026-08-20T14:11:27
NK-GiEMmTUF59YYLz5KoBLcd6,Shturman Ovtsyn,ru,US-RUSHAR,Russia (Urals/ESPO/Sokol),2026-08-20T14:11:27
NK-H3awWoWHfMKfLXbaSrJmCu,Topaz,bb,US-RUSHAR,Russia (Urals/ESPO/Sokol),2026-08-20T14:11:27
NK-H4tVC9yiePUzms9spB4LZt,Zvezda 044,ru,US-RUSHAR,Russia (Urals/ESPO/Sokol),2026-08-20T14:11:27
NK-H6v7SL5Md7UZ8wLYDEdfSp,Alexey Bogolyubov,ru,US-RUSHAR,Russia (Urals/ESPO/Sokol),2026-08-20T14:11:27
NK-H8mxjZtGLUiprUykd9k3Jj,MYS SHMIDTA,ru,US-RUSHAR,Russia (Urals/ESPO/Sokol),2026-08-20T14:11:27
NK-HUJEizkjTuY5K6zQgWR5GG,TASCA,pa,US-RUSHAR,Russia (Urals/ESPO/Sokol),2026-08-20T14:11:27
NK-HboSfSBhes2BraRs2rfhKc,Kirill Lavrov,ru,US-RUSHAR,Russia (Urals/ESPO/Sokol),2026-08-20T14:11:27
NK-HfXRCGir5eTzphDcnQYw7K,RN SAKHALIN,ru,US-RUSHAR,Russia (Urals/ESPO/Sokol),2026-08-20T14:11:27
NK-HoHtMLF9BQuRJmAdicR4cQ,Della,cn;hk,US-VEN,Venezuela (Merey),2026-08-20T14:11:27
NK-HwSHTWMjYenDM9AcknhdKD,Sergei Witte,ru,US-RUSHAR,Russia (Urals/ESPO/Sokol),2026-08-20T14:11:27
NK-HzCNsRNE6uJofsNBgC6uAD,NS Creation,ga,US-RUSHAR,Russia (Urals/ESPO/Sokol),2026-08-20T14:11:27
NK-HzboPXFMx3SEZkbf5nUDuc,NS BURGAS,ga,US-RUSHAR,Russia (Urals/ESPO/Sokol),2026-08-20T14:11:27
NK-J2anG3FZunvEvedLWCs3tX,Ivan Kireev,ru,US-RUSHAR,Russia (Urals/ESPO/Sokol),2026-08-20T14:11:27
NK-J7rDmoqRM3MFbNrgMKtWVq,Sable,pa,US-RUSHAR,Russia (Urals/ESPO/Sokol),2026-08-20T14:11:27
NK-JCuaqXE5u4rytC4h2h5nAF,Sparta II,ru,US-RUSHAR,Russia (Urals/ESPO/Sokol),2026-08-20T14:11:27
NK-JLv2engdx8jZ2c9quaSwUD,Captain Beklemishev,ru,US-RUSHAR,Russia (Urals/ESPO/Sokol),2026-08-20T14:11:27
NK-JbMGcW3TabRqi8dZHUVC8V,Koryak FSU,pa,US-RUSHAR,Russia (Urals/ESPO/Sokol),2026-08-20T14:11:27
NK-JniYaUr8U8hMnk8CdYLuQQ,SABANETA,ve,US-VEN,Venezuela (Merey),2026-08-20T14:11:27
NK-Jr36Hb3vzhLorvCX77qyhE,Ipsala,tr,US-RUSHAR,Russia (Urals/ESPO/Sokol),2026-08-20T14:11:27
NK-Jygg3sbYEa7V5LiKCdhfUa,TIKSY,ru,US-RUSHAR,Russia (Urals/ESPO/Sokol),2026-08-20T14:11:27
NK-K6UZ5kEhPczxeCnSzpKjLX,CANGJIE,ck,US-RUSHAR,Russia (Urals/ESPO/Sokol),2026-08-20T14:11:27
NK-KHmYDQ6f35N4iVPhm8K2Xf,ARCTICA 2,ru,US-RUSHAR,Russia (Urals/ESPO/Sokol),2026-08-20T14:11:27
NK-KNWZLjMpNFzr6wxGBtPf8U,Vostochny Prospect,ru,US-RUSHAR,Russia (Urals/ESPO/Sokol),2026-08-20T14:11:27
NK-KNsCYsEJAJyS6SxA84m2n2,MULAN,pw,US-RUSHAR,Russia (Urals/ESPO/Sokol),2026-08-20T14:11:27
NK-Kj7togj9zdfTMt32R3tkew,Moskovsky Prospect,ga,US-RUSHAR,Russia (Urals/ESPO/Sokol),2026-08-20T14:11:27
NK-Kq3bswfRhRZxWTge8K5Wbh,SMP Novodvinsk,ru,US-RUSHAR,Russia (Urals/ESPO/Sokol),2026-08-20T14:11:27
NK-KrWP9gHoVNytjx5BpbYHfY,Christophe De Margerie,pa,US-RUSHAR,Russia (Urals/ESPO/Sokol),2026-08-20T14:11:27
NK-L7CUe23eHSYrbpRf8nny2J,Hermes,ru,US-RUSHAR,Russia (Urals/ESPO/Sokol),2026-08-20T14:11:27
NK-LHnZKkhoCDj9dXQQnApoBQ,CEPHEUS,pa,US-RUSHAR,Russia (Urals/ESPO/Sokol),2026-08-20T14:11:27
NK-LJr2XWiWGqNy5nNpfoEe9M,Fjord Seal,pa,US-RUSHAR,Russia (Urals/ESPO/Sokol),2026-08-20T14:11:27
NK-LRBfUmgye8JjPWHs9vedFV,Victor Andryukhin,ru,US-RUSHAR,Russia (Urals/ESPO/Sokol),2026-08-20T14:11:27
NK-LTDqsGEkqJ9oHYmi9SKj77,Ostap Sheremeta,ru,US-RUSHAR,Russia (Urals/ESPO/Sokol),2026-08-20T14:11:27
NK-LYtU9Etct8fgYvkozW5ej3,ARCTICA 1,ru,US-RUSHAR,Russia (Urals/ESPO/Sokol),2026-08-20T14:11:27
NK-LaByXRAuVbZBbGtNFNCJW7,Port Olya-2,ru,US-RUSHAR,Russia (Urals/ESPO/Sokol),2026-08-20T14:11:27
NK-LeunXs9MrA74MUDeBHrj8i,CARL,bb,US-RUSHAR,Russia (Urals/ESPO/Sokol),2026-08-20T14:11:27
NK-LkrNaNGVEaxix9nu5S2T3G,Atlas,bb,US-RUSHAR,Russia (Urals/ESPO/Sokol),2026-08-20T14:11:27
NK-LtBRJZUDzX6pSWTyb4Ck8y,MARIA,ru,US-RUSHAR,Russia (Urals/ESPO/Sokol),2026-08-20T14:11:27
NK-M3kJkgCYRxQBPHP7jwESjn,NS CONSUL,ga,US-RUSHAR,Russia (Urals/ESPO/Sokol),2026-08-20T14:11:27
NK-M5XM2SPvuYAKSKCYYmA65K,BICENTENARIO VII,ve,US-VEN,Venezuela (Merey),2026-08-20T14:11:27
NK-MEUfMvnzLBce7SeKRmZtPn,Triton,ru,US-RUSHAR,Russia (Urals/ESPO/Sokol),2026-08-20T14:11:27
NK-MEyxkkXQb7qyFfA3GdDwQq,Maia-1,ru,US-RUSHAR,Russia (Urals/ESPO/Sokol),2026-08-20T14:11:27
NK-MJ7MRPfgh2BibMxd9D5F5x,Sparta III,ru,US-RUSHAR,Russia (Urals/ESPO/Sokol),2026-08-20T14:11:27
NK-ML52Vi2GWfHvfxiGNgK97w,MYS FLORA,ru,US-RUSHAR,Russia (Urals/ESPO/Sokol),2026-08-20T14:11:27
NK-MPTF9UbTiwdHC4ezwDFTqv,Aria,bb,US-RUSHAR,Russia (Urals/ESPO/Sokol),2026-08-20T14:11:27
NK-MbLp7gfwsHrPbeLCv6tdMK,MANGAZEYA,ru,US-RUSHAR,Russia (Urals/ESPO/Sokol),2026-08-20T14:11:27
NK-Miv89zwMDqN4eMNkDQz6yB,GP-23,ve,US-VEN,Venezuela (Merey),2026-08-20T14:11:27
NK-MrXoEL4tjsmwnC42Xkn6rB,Victor Konetsky,pa,US-RUSHAR,Russia (Urals/ESPO/Sokol),2026-08-20T14:11:27
NK-NEfLrzqiNPY6UP27Y7pqrB,Mekhanik Pustoshnyy,ru,US-RUSHAR,Russia (Urals/ESPO/Sokol),2026-08-20T14:11:27
NK-NN7as2iXSWJtktH4FhYNGe,BICENTENARIO VI,ve,US-VEN,Venezuela (Merey),2026-08-20T14:11:27
NK-NWtHD3pQ56p2353uKUDBct,Iohann Mahmastal,ru,US-RUSHAR,Russia (Urals/ESPO/Sokol),2026-08-20T14:11:27
NK-NbfwUtmm42jfyDbEUWobHY,POLA DUDINKA,,US-RUSHAR,Russia (Urals/ESPO/Sokol),2026-08-20T14:11:27
NK-No8pfgQMK9CmeRBhGz4ZpD,Ula,tr,US-RUSHAR,Russia (Urals/ESPO/Sokol),2026-08-20T14:11:27
NK-Nv6mjRZ8V8BnxTQruLWuni,Pioneer,pw,US-RUSHAR,Russia (Urals/ESPO/Sokol),2026-08-20T14:11:27
NK-P5X5zUSjZ4kc6dY7FJbdEQ,TAMBEY,ru,US-RUSHAR,Russia (Urals/ESPO/Sokol),2026-08-20T14:11:27
NK-PGCTVc2drpmad9HGjSetSc,S-TROTTER,pa,US-VEN,Venezuela (Merey),2026-08-20T14:11:27
NK-PaZBfqNzHp3k5kqfCGDZi4,SABETTA,ru,US-RUSHAR,Russia (Urals/ESPO/Sokol),2026-08-20T14:11:27
NK-PdqLhbzkcivcwEJ7myWxit,KUNASHIR,ru,US-RUSHAR,Russia (Urals/ESPO/Sokol),2026-08-20T14:11:27
NK-Pe7gBZBKVAaYEUzLGrwnxa,Pyotr Stolypin,ru,US-RUSHAR,Russia (Urals/ESPO/Sokol),2026-08-20T14:11:27
NK-PpgkyRStFVvftErWkkLxtW,Sirius,bb,US-RUSHAR,Russia (Urals/ESPO/Sokol),2026-08-20T14:11:27
NK-Psbv8j6Z7SrXSUtSHcjGsj,Mikhail Lazarev,ru,US-RUSHAR,Russia (Urals/ESPO/Sokol),2026-08-20T14:11:27
NK-Q94WdB47rTM3DZKnCz4dHU,Sv Konstantin,ru,US-RUSHAR,Russia (Urals/ESPO/Sokol),2026-08-20T14:11:27
NK-QB55Cw3k96mbUEd2jDjJkm,SELENGA,ru,US-RUSHAR,Russia (Urals/ESPO/Sokol),2026-08-20T14:11:27
NK-QC6tXc5xvz6i5UooksVMQn,Elegance,pa,US-RUSHAR,Russia (Urals/ESPO/Sokol),2026-08-20T14:11:27
NK-QGKs44nPh7jragZ5VgDeAR,Sparta,ru,US-RUSHAR,Russia (Urals/ESPO/Sokol),2026-08-20T14:11:27
NK-QdpWeBgH9MFrTbNApEr4gK,DEYNA,pa,US-RUSHAR,Russia (Urals/ESPO/Sokol),2026-08-20T14:11:27
NK-QjnQAyyMYa4aoFhPFM8Pvq,YARD NO.131080 ZVEZDA-DSME,ru,US-RUSHAR,Russia (Urals/ESPO/Sokol),2026-08-20T14:11:27
NK-QkZK6r7PyxzRZAStwmrNbr,MINERVA M,pa,US-RUSHAR,Russia (Urals/ESPO/Sokol),2026-08-20T14:11:27
NK-Qn4PSh6L3gqYJHFiKNg9Y2,POLA FEODOSIA,,US-RUSHAR,Russia (Urals/ESPO/Sokol),2026-08-20T14:11:27
NK-Qob5tRNdcNs8hyZ97ezqiA,Leo,bb,US-RUSHAR,Russia (Urals/ESPO/Sokol),2026-08-20T14:11:27
NK-Qp6gGTQNYbkMiYihaQh5vH,SASCO ALDAN,ru,US-RUSHAR,Russia (Urals/ESPO/Sokol),2026-08-20T14:11:27
NK-Quqny89TRPMCoiBsJ3Ac6u,ZEYA,ru,US-RUSHAR,Russia (Urals/ESPO/Sokol),2026-08-20T14:11:27
NK-QvqWnsc7tFd34f7mKRLWeH,AQUILA II,pa,US-RUSHAR,Russia (Urals/ESPO/Sokol),2026-08-20T14:11:27
NK-Qvuh9EW2y7GMLKvGjFsmLJ,Serenade,bb,US-RUSHAR,Russia (Urals/ESPO/Sokol),2026-08-20T14:11:27
NK-Qzw4WYehhjTcpctWXCcKyK,SKIF-V,ru,US-RUSHAR,Russia (Urals/ESPO/Sokol),2026-08-20T14:11:27
NK-R3sQkwczBs82rhmDjjZfzg,MERCURY,ga,US-RUSHAR,Russia (Urals/ESPO/Sokol),2026-08-20T14:11:27
NK-R87D4VYgadyodAC6teVyhG,POLA ALEXIA,,US-RUSHAR,Russia (Urals/ESPO/Sokol),2026-08-20T14:11:27
NK-RHaNupLeXNsT6V3GHW8kC6,Kholmogory,ru,US-RUSHAR,Russia (Urals/ESPO/Sokol),2026-08-20T14:11:27
NK-RJX9qBX7pdaCzgXrJWKQvL,ANGLIA,cm,US-VEN,Venezuela (Merey),2026-08-20T14:11:27
NK-RLzQaQjrY6wyagVE4XRSNk,GP-21,ve,US-VEN,Venezuela (Merey),2026-08-20T14:11:27
NK-RRJESBZtWrfNYgPNUVnnEJ,POLA FILOFEIA,,US-RUSHAR,Russia (Urals/ESPO/Sokol),2026-08-20T14:11:27
NK-RUQd8v6Efqqyu2exY74VTQ,Onyx,ga,US-RUSHAR,Russia (Urals/ESPO/Sokol),2026-08-20T14:11:27
NK-Rjt6RTfvN6mVTqvxUhPhb6,CRIUS,pa,US-RUSHAR,Russia (Urals/ESPO/Sokol),2026-08-20T14:11:27
NK-S4jb2enCmYgRrKPmsi5Msg,Yuri Senkevich,pa,US-RUSHAR,Russia (Urals/ESPO/Sokol),2026-08-20T14:11:27
NK-S4xzC3kEqv7zX4ZLcmyPjW,Liberty,bb,US-RUSHAR,Russia (Urals/ESPO/Sokol),2026-08-20T14:11:27
NK-SDD7vyfA2Hzpa9uUVSgcVS,Leonid Pestrikov,ru,US-RUSHAR,Russia (Urals/ESPO/Sokol),2026-08-20T14:11:27
NK-SL65kBVXdsbLdecCtrg8NP,Mekhanik Kottsov,ru,US-RUSHAR,Russia (Urals/ESPO/Sokol),2026-08-20T14:11:27
NK-SVc9YRrpyGQPXzXD94eHa9,NS Pride,ga,US-RUSHAR,Russia (Urals/ESPO/Sokol),2026-08-20T14:11:27
NK-SZiNSXBmSPKKdnZifst9DQ,NANDA DEVI,ga,US-RUSHAR,Russia (Urals/ESPO/Sokol),2026-08-20T14:11:27
NK-Sbdexaqrra4CMhAdAA37u4,Lady Sevda,ru,US-RUSHAR,Russia (Urals/ESPO/Sokol),2026-08-20T14:11:27
NK-Sp4TLj3mmKuGqfGq2CrqVC,VLADIMIR MONOMAKH,ru,US-RUSHAR,Russia (Urals/ESPO/Sokol),2026-08-20T14:11:27
NK-SsDXcp4j9L5Gg6BNPhbwCm,Sivas,pa,US-RUSHAR,Russia (Urals/ESPO/Sokol),2026-08-20T14:11:27
NK-SshcFJkEq6RPzp6YFC7Wub,PROFESSOR LOGACHEV,ru,US-RUSHAR,Russia (Urals/ESPO/Sokol),2026-08-20T14:11:27
NK-SvFDAJx6Tsx4Qb87HE55jk,NP DUDINKA,ru,US-RUSHAR,Russia (Urals/ESPO/Sokol),2026-08-20T14:11:27
NK-T2qqQZ6UCC9zEuPxGYWTkg,NS Silver,pa,US-RUSHAR,Russia (Urals/ESPO/Sokol),2026-08-20T14:11:27
NK-T3bKfYapp3dS2ZFdhBSbX3,NS ANTARCTIC,ga,US-RUSHAR,Russia (Urals/ESPO/Sokol),2026-08-20T14:11:27
NK-T5rVNEukohCwfudFd3thbQ,BICENTENARIO V,ve,US-VEN,Venezuela (Merey),2026-08-20T14:11:27
NK-TDKsmX54JtvVQM5khuN6aD,Everest Energy,pw,US-RUSHAR,Russia (Urals/ESPO/Sokol),2026-08-20T14:11:27
NK-TDsoY9EsZAYkYBofEu9c6b,Makalu,bb,US-RUSHAR,Russia (Urals/ESPO/Sokol),2026-08-20T14:11:27
NK-TEeXFphdTQiAmgn4Drzm6X,URDANETA,ve,US-VEN,Venezuela (Merey),2026-08-20T14:11:27
NK-TFPP2aUVV7VaKgV3gu4ydB,Capella,bb,US-RUSHAR,Russia (Urals/ESPO/Sokol),2026-08-20T14:11:27
NK-TMheuJbjvp4uPXCveHxh9S,SEVERNIY PROECT,ru,US-RUSHAR,Russia (Urals/ESPO/Sokol),2026-08-20T14:11:27
NK-TZcXbkftvYDFPCthnxCM85,Triumph,bb,US-RUSHAR,Russia (Urals/ESPO/Sokol),2026-08-20T14:11:27
NK-TbDwDoqZ8PNUKs7DCMH5rG,GEORGY MASLOV,ga,US-RUSHAR,Russia (Urals/ESPO/Sokol),2026-08-20T14:11:27
NK-TcWxrSjPB6qRYdUeiDVMNF,Mekhanik Kraskovskiy,ru,US-RUSHAR,Russia (Urals/ESPO/Sokol),2026-08-20T14:11:27
NK-Tdmjsa9ut7Ym537g6Ho9to,HS Everett,lr,US-RUSHAR,Russia (Urals/ESPO/Sokol),2026-08-20T14:11:27
NK-TdqZr8hGw2qNzoyJEAx9mq,Uze,lr,US-RUSHAR,Russia (Urals/ESPO/Sokol),2026-08-20T14:11:27
NK-TgVmy7f83capGvBTzzWYYg,AKADEMIK PRIMAKOV,ru,US-RUSHAR,Russia (Urals/ESPO/Sokol),2026-08-20T14:11:27
NK-TiHvdej65BLWZKpALpQo8Y,Zaliv Baikal,pa,US-RUSHAR,Russia (Urals/ESPO/Sokol),2026-08-20T14:11:27
NK-TjYi3cWf772oADZhCuuYjj,Lunar Tide,gn,US-VEN,Venezuela (Merey),2026-08-20T14:11:27
NK-Tr6BEihZGVJtJi68iHAQa5,omskiy-103,ru,US-RUSHAR,Russia (Urals/ESPO/Sokol),2026-08-20T14:11:27
NK-U27KnjspEKYCx527Vv3fv5,Hui Hai Atlantic,pa,US-RUSHAR,Russia (Urals/ESPO/Sokol),2026-08-20T14:11:27
NK-UJMcUhv6DSKHZzj4QtbXdy,NS CAPTAIN,ga,US-RUSHAR,Russia (Urals/ESPO/Sokol),2026-08-20T14:11:27
NK-URkFkxrXUsRjqLYFZPkJFg,ANATOLY KOLODKIN,pa,US-RUSHAR,Russia (Urals/ESPO/Sokol),2026-08-20T14:11:27
NK-UbmBi7o5RntM3aovkaouKt,POLA FIVA,,US-RUSHAR,Russia (Urals/ESPO/Sokol),2026-08-20T14:11:27
NK-UcrJG96JxsonQXzMcYsiAH,Viktor Zabelin,ru,US-RUSHAR,Russia (Urals/ESPO/Sokol),2026-08-20T14:11:27
NK-UqLfWQRe2EZiGPVLeVodQH,Olga,ru,US-RUSHAR,Russia (Urals/ESPO/Sokol),2026-08-20T14:11:27
NK-V6SYbryxogRZTwWPhpzsY8,MARA,ve,US-VEN,Venezuela (Merey),2026-08-20T14:11:27
NK-VKZwGXY9J6sBTuRhxGPDhQ,POLA ANFISA,,US-RUSHAR,Russia (Urals/ESPO/Sokol),2026-08-20T14:11:27
NK-VLNkrPj3yJPipjcTjKEzvc,Jupiter,bb,US-RUSHAR,Russia (Urals/ESPO/Sokol),2026-08-20T14:11:27
NK-VNMhmBMxuGJ3vChRRRLNxt,Yuri Babaev,ru,US-RUSHAR,Russia (Urals/ESPO/Sokol),2026-08-20T14:11:27
NK-VZDcGWaZzaEMA5ZeMoycTp,SIRIUS 1,pa,US-RUSHAR,Russia (Urals/ESPO/Sokol),2026-08-20T14:11:27
NK-VZLRpwLDQDcBCQYUsgerTt,SPASATEL KAREV,ru,US-RUSHAR,Russia (Urals/ESPO/Sokol),2026-08-20T14:11:27
NK-VfiHbvJ6iNeRBgqDfkuWJ9,NEW ENERGY,pw,US-RUSHAR,Russia (Urals/ESPO/Sokol),2026-08-20T14:11:27
NK-VftYLodiQAWaKuzGeacz5v,Rasul Gamzatov,ru,US-RUSHAR,Russia (Urals/ESPO/Sokol),2026-08-20T14:11:27
NK-Vnnp3yaGqP2hZECrF43vop,CLIO,pa,US-RUSHAR,Russia (Urals/ESPO/Sokol),2026-08-20T14:11:27
NK-VptZfQ2nCscrvn4YLerEMe,Ocean 28,pa,US-RUSHAR,Russia (Urals/ESPO/Sokol),2026-08-20T14:11:27
NK-W2Jt2dc6Bkdvv64Uj4s7eh,Sanar 7,ru,US-RUSHAR,Russia (Urals/ESPO/Sokol),2026-08-20T14:11:27
NK-W6swKpYg3MAKoaor7MjWW2,MYS DEZHNEVA,ru,US-RUSHAR,Russia (Urals/ESPO/Sokol),2026-08-20T14:11:27
NK-W8e7o33u8K6CdUieN6bqxm,VLADIMIR VINOGRADOV,ru,US-RUSHAR,Russia (Urals/ESPO/Sokol),2026-08-20T14:11:27
NK-WEiG5L6au7ktRSmXSPbBjE,ALIREZA 1,ru,US-RUSHAR,Russia (Urals/ESPO/Sokol),2026-08-20T14:11:27
NK-WHLHhgj3GLJnfLD36u3ehn,SHANTAR,ru,US-RUSHAR,Russia (Urals/ESPO/Sokol),2026-08-20T14:11:27
NK-WM9veEF2TG8boveyZR3WGd,Tango,bb,US-RUSHAR,Russia (Urals/ESPO/Sokol),2026-08-20T14:11:27
NK-WMyygDV5eQDFF8TVZpdfwZ,Premier,bb,US-RUSHAR,Russia (Urals/ESPO/Sokol),2026-08-20T14:11:27
NK-WXWJeKKCcd8spGTMnRC2Cq,POLA MARIA,,US-RUSHAR,Russia (Urals/ESPO/Sokol),2026-08-20T14:11:27
NK-WYcCjJtL6zTsFXhthWSS3P,Patria,ru,US-RUSHAR,Russia (Urals/ESPO/Sokol),2026-08-20T14:11:27
NK-Wf4Q3g5kuUd5JXHmjcse7y,MAKSIM GORKY,ru,US-VEN,Venezuela (Merey),2026-08-20T14:11:27
NK-WkBhxFdRSVEFPZKG6Khvn8,Shturman Albanov,ru,US-RUSHAR,Russia (Urals/ESPO/Sokol),2026-08-20T14:11:27
NK-WpHNbrTBVGmMpsai3J8gtX,BICENTENARIO IX,ve,US-VEN,Venezuela (Merey),2026-08-20T14:11:27
NK-Wsv9YswjZinQqom7Mfkvyo,Inzhener Veshnyakov,ru,US-RUSHAR,Russia (Urals/ESPO/Sokol),2026-08-20T14:11:27
NK-WtnaTooGSYAjGKkCGyHU2g,SIVUCH,ru,US-RUSHAR,Russia (Urals/ESPO/Sokol),2026-08-20T14:11:27
NK-Wz5uiKgCckNzMwY4LXLDy5,EMILY S,pa,US-RUSHAR,Russia (Urals/ESPO/Sokol),2026-08-20T14:11:27
NK-XB9Kv83xikAo2jvCccefkX,CUMANAGOTO,ve,US-VEN,Venezuela (Merey),2026-08-20T14:11:27
NK-XN4gzdwJXuBDnZFLWJhvzQ,PDVSA Cardon,ve,US-VEN,Venezuela (Merey),2026-08-20T14:11:27
NK-XPV3XK9yoJ7LT4ajAHQsNp,HS Buraq,lr,US-RUSHAR,Russia (Urals/ESPO/Sokol),2026-08-20T14:11:27
NK-XeWezHJToEWsbTHu7yxQ9Q,Simushir,ru,US-RUSHAR,Russia (Urals/ESPO/Sokol),2026-08-20T14:11:27
NK-XhXZ2w3FtEn4RyBaDwczqE,Pravasi,ga,US-RUSHAR,Russia (Urals/ESPO/Sokol),2026-08-20T14:11:27
NK-XjAmRTC96sgTjq8B7jw3oN,NS Champion,lr,US-RUSHAR,Russia (Urals/ESPO/Sokol),2026-08-20T14:11:27
NK-XtPVWaGUg4Td9XPM4rZ6ef,Ivan Aivazovsky,ru,US-RUSHAR,Russia (Urals/ESPO/Sokol),2026-08-20T14:11:27
NK-XvDpyMBzDsneJtGqwiw99U,Himalayan,pa,US-RUSHAR,Russia (Urals/ESPO/Sokol),2026-08-20T14:11:27
NK-XzSfqjyWmAGxehpPmGJLWJ,Nirvana,ky,US-RUSHAR,Russia (Urals/ESPO/Sokol),2026-08-20T14:11:27
NK-XzWV35LrHoNmkDgTNMysBA,BERING,ru,US-RUSHAR,Russia (Urals/ESPO/Sokol),2026-08-20T14:11:27
NK-Xzjpyf2nLi4RwrEk2a45P2,SMP Severodvinsk,ru,US-RUSHAR,Russia (Urals/ESPO/Sokol),2026-08-20T14:11:27
NK-Y42CxLQBmPwZoZpMCZYaVw,BICENTENARIO I,ve,US-VEN,Venezuela (Merey),2026-08-20T14:11:27
NK-Y4UmypRLuUpRuuTsm4yxjM,POLA GALI,,US-RUSHAR,Russia (Urals/ESPO/Sokol),2026-08-20T14:11:27
NK-Y9hnA7huC6iKcNPKMKR6Jf,Mum,ag,US-RUSHAR,Russia (Urals/ESPO/Sokol),2026-08-20T14:11:27
NK-YCCSjTxbvdUrnmPSewAfA3,Pegasus,bb,US-RUSHAR,Russia (Urals/ESPO/Sokol),2026-08-20T14:11:27
NK-YCbShQFNVqFdidNgxBiN5i,MISTRAL 1,sm,US-RUSHAR,Russia (Urals/ESPO/Sokol),2026-08-20T14:11:27
NK-YCbxYYqRKvHGwcdeiZpdpS,Li Bai,pa,US-RUSHAR,Russia (Urals/ESPO/Sokol),2026-08-20T14:11:27
NK-YFb6CCsT4Jysnv7xq8gsHg,L-409,ve,US-VEN,Venezuela (Merey),2026-08-20T14:11:27
NK-YJ3Q9KSwdhkvygD7C9XbBa,POLA HARITA,,US-RUSHAR,Russia (Urals/ESPO/Sokol),2026-08-20T14:11:27
NK-YNyLY6yS8GqhQgRytqgpte,ALISSA,ga,US-RUSHAR,Russia (Urals/ESPO/Sokol),2026-08-20T14:11:27
NK-YQ22qxtyph69N9tkmpRAD7,Ascalon,ru,US-RUSHAR,Russia (Urals/ESPO/Sokol),2026-08-20T14:11:27
NK-YUsPuAALPGEHhRcQdCFadR,Proxima,bb,US-RUSHAR,Russia (Urals/ESPO/Sokol),2026-08-20T14:11:27
NK-YXrYHtNfMLgsR3UqQwXNcy,POLA SOFIA,,US-RUSHAR,Russia (Urals/ESPO/Sokol),2026-08-20T14:11:27
NK-YYZKFQv8jnDesaYuBdEajS,MONIQUE,ck,US-VEN,Venezuela (Merey),2026-08-20T14:11:27
NK-YayLnsT7LEX9sGrNSrqu2L,Viktor Bakaev,lr,US-RUSHAR,Russia (Urals/ESPO/Sokol),2026-08-20T14:11:27
NK-YegBtoNvXYc2ufUShw5A2T,NP DIKSON,ru,US-RUSHAR,Russia (Urals/ESPO/Sokol),2026-08-20T14:11:27
NK-YjDXBzMR2JBuKGaRn8GKBN,Zenith,bb,US-RUSHAR,Russia (Urals/ESPO/Sokol),2026-08-20T14:11:27
NK-Z3Q84o5mzo6xpyBZgJ5htY,Voyager,bb,US-RUSHAR,Russia (Urals/ESPO/Sokol),2026-08-20T14:11:27
NK-Z5wfrYtmRRd8PoMhFadydv,POLA ANASTASIA,,US-RUSHAR,Russia (Urals/ESPO/Sokol),2026-08-20T14:11:27
NK-ZFF3XxDNLBxHNxa8GnnDSi,SMP Arkhangelsk,ru,US-RUSHAR,Russia (Urals/ESPO/Sokol),2026-08-20T14:11:27
NK-ZLSeiVPZ7nxBXTmnRS86jK,SAGA,bb,US-RUSHAR,Russia (Urals/ESPO/Sokol),2026-08-20T14:11:27
NK-ZNntvGKq8XNQJZnKvXXo2d,SAAM FSU,pa,US-RUSHAR,Russia (Urals/ESPO/Sokol),2026-08-20T14:11:27
NK-ZPBzVTGHWqqNTKroPnqUcC,NS COLUMBUS,ga,US-RUSHAR,Russia (Urals/ESPO/Sokol),2026-08-20T14:11:27
NK-ZVStqPSStEmKtcighKSRvA,Lady Rania,ru,US-RUSHAR,Russia (Urals/ESPO/Sokol),2026-08-20T14:11:27
NK-ZXzuQcgLGhhZVXSGSProXd,TAIBOLA,ru,US-RUSHAR,Russia (Urals/ESPO/Sokol),2026-08-20T14:11:27
NK-ZuVh5iNAtpJeuwQnczY2fi,TANGO,ck,US-RUSHAR,Russia (Urals/ESPO/Sokol),2026-08-20T14:11:27
NK-a4f7buYZSSRc9NrWZBGqa7,Zvezda 045,ru,US-RUSHAR,Russia (Urals/ESPO/Sokol),2026-08-20T14:11:27
NK-a8Kh8ovYCyGs5i9LeW8ej8,SASCO AVACHA,ru,US-RUSHAR,Russia (Urals/ESPO/Sokol),2026-08-20T14:11:27
NK-aENaKeJiEMa74YNhyhJAti,Nikolay Anishchenkov,ru,US-RUSHAR,Russia (Urals/ESPO/Sokol),2026-08-20T14:11:27
NK-aGuTQgt7Pti2KVRkendonN,Pegas,ru,US-RUSHAR,Russia (Urals/ESPO/Sokol),2026-08-20T14:11:27
NK-aJG9hqSLgm9by74cqpn5DT,HS Star,lr,US-RUSHAR,Russia (Urals/ESPO/Sokol),2026-08-20T14:11:27
NK-aVkFFYV8ezUzVwvQe7N4XS,Zaliv Aniva,pa,US-RUSHAR,Russia (Urals/ESPO/Sokol),2026-08-20T14:11:27
NK-aYyUQcNKsJ7NSn2GDKCBam,TEREPAIMA,ve,US-VEN,Venezuela (Merey),2026-08-20T14:11:27
NK-aeLcPhbivuija7G65G2dKs,Pathfinder,bb,US-RUSHAR,Russia (Urals/ESPO/Sokol),2026-08-20T14:11:27
NK-akJE2m9wyAxC3pBbfYtcbj,Maria,tg,US-RUSHAR,Russia (Urals/ESPO/Sokol),2026-08-20T14:11:27
NK-arEae8keoFUTShBUy4PrmN,KRISHNA 1,pa,US-RUSHAR,Russia (Urals/ESPO/Sokol),2026-08-20T14:11:27
NK-b4HWMKDnXK4fPCH7hDdUBX,Lena,vg,US-RUSHAR,Russia (Urals/ESPO/Sokol),2026-08-20T14:11:27
NK-b9hbWAbm4RpGukSNEfxYBG,Lapominka,ru,US-RUSHAR,Russia (Urals/ESPO/Sokol),2026-08-20T14:11:27
NK-bDKtivMqEkpsYTonFrRMWk,Captain Kostichev,pa,US-RUSHAR,Russia (Urals/ESPO/Sokol),2026-08-20T14:11:27
NK-bG3uZRFkYDqgPFNz4X8X5C,ESPERANZA,cu;gr,US-VEN,Venezuela (Merey),2026-08-20T14:11:27
NK-bJb59zuUWPns8m9DJzzJwe,NEVSKIY PROSPECT,ga,US-RUSHAR,Russia (Urals/ESPO/Sokol),2026-08-20T14:11:27
NK-bKQgsbavauf7gh4uBZE4YP,Sona,ru,US-RUSHAR,Russia (Urals/ESPO/Sokol),2026-08-20T14:11:27
NK-bPTST33Y3k2AWALbtxshFN,North Air,pa,US-RUSHAR,Russia (Urals/ESPO/Sokol),2026-08-20T14:11:27
NK-bQSZW7tZqWQwro7YqG8GAx,UTRENNIY,ru,US-RUSHAR,Russia (Urals/ESPO/Sokol),2026-08-20T14:11:27
NK-bQbnHEUWGXcMimNdhFepyp,Vanguard,bb,US-RUSHAR,Russia (Urals/ESPO/Sokol),2026-08-20T14:11:27
NK-bXPg2bFxHD92k8iDV4gVAr,Sakhalin 9,ru,US-RUSHAR,Russia (Urals/ESPO/Sokol),2026-08-20T14:11:27
NK-biVz5s9TXs3YF8XMnrcRrC,SHTURMAN SKURATOV,ru,US-RUSHAR,Russia (Urals/ESPO/Sokol),2026-08-20T14:11:27
NK-bkXSAmPnyDCoccs5z7ubgW,AKADEMIK GUBKIN,ru,US-RUSHAR,Russia (Urals/ESPO/Sokol),2026-08-20T14:11:27
NK-brnJFxSbiZ2uLfGQkiYpxC,SHELLEST,ru,US-RUSHAR,Russia (Urals/ESPO/Sokol),2026-08-20T14:11:27
NK-bsPH8mgwmwB2WyLER4kYsJ,BICENTENARIO XVI,ve,US-VEN,Venezuela (Merey),2026-08-20T14:11:27
NK-btLUmG5djDeBsDyNnHwo9u,Kompozitor Gasanov,ru,US-RUSHAR,Russia (Urals/ESPO/Sokol),2026-08-20T14:11:27
NK-buymoEtnoZXCR4XSzPyyFg,Dilbar,ky,US-RUSHAR,Russia (Urals/ESPO/Sokol),2026-08-20T14:11:27
NK-buzzoFHH3xqy8LYq4rBr4N,Genrikh Gasanov,ru,US-RUSHAR,Russia (Urals/ESPO/Sokol),2026-08-20T14:11:27
NK-bvhtLMDcsgSpwHF8rPeJUS,BAVENIT,ru,US-RUSHAR,Russia (Urals/ESPO/Sokol),2026-08-20T14:11:27
NK-bxFwBP8Aokndr4JaKxy3qh,North Way,pa,US-RUSHAR,Russia (Urals/ESPO/Sokol),2026-08-20T14:11:27
NK-byTYryeNNdoHqp8gmC4oZg,Asya Energy,pw,US-RUSHAR,Russia (Urals/ESPO/Sokol),2026-08-20T14:11:27
NK-c3eKQhieGCFXdqPRCye9a6,Avrora Regul,ru,US-RUSHAR,Russia (Urals/ESPO/Sokol),2026-08-20T14:11:27
NK-cKapWPXVxGiJwf6dmXnKTc,RN AMUR,ru,US-RUSHAR,Russia (Urals/ESPO/Sokol),2026-08-20T14:11:27
NK-cMaoTjSK37m6dVKYGkd8M5,Okeansky Prospect,ru,US-RUSHAR,Russia (Urals/ESPO/Sokol),2026-08-20T14:11:27
NK-cNBceevw3gUF6LE74oc5fQ,AUDAX,sg,US-RUSHAR,Russia (Urals/ESPO/Sokol),2026-08-20T14:11:27
NK-cUXBFEoUbLePdTehEuZMt9,Graceful,ru,US-RUSHAR,Russia (Urals/ESPO/Sokol),2026-08-20T14:11:27
NK-cdinFi5hCKwMDHhNkS8hVt,Hai II,lr,US-RUSHAR,Russia (Urals/ESPO/Sokol),2026-08-20T14:11:27
NK-cfUXSFE23NAkgnJKqNER8i,BICENTENARIO IV,ve,US-VEN,Venezuela (Merey),2026-08-20T14:11:27
NK-ciPkDpwcTNPpFyK5CunLLr,Ambal,ru,US-RUSHAR,Russia (Urals/ESPO/Sokol),2026-08-20T14:11:27
NK-cjgqLEJGsqiAERj8SJNsMf,ICARO,pa,US-VEN,Venezuela (Merey),2026-08-20T14:11:27
NK-cnZqo536RbKoZSfctbFmMo,KAPAL CANTIK,ck,US-RUSHAR,Russia (Urals/ESPO/Sokol),2026-08-20T14:11:27
NK-cofLf8MW44j3b7zv8Xj3vi,FREDA,pa,US-RUSHAR,Russia (Urals/ESPO/Sokol),2026-08-20T14:11:27
NK-corEKmPtDWGMBbzYyw3qii,SCF Enterprise,ru,US-RUSHAR,Russia (Urals/ESPO/Sokol),2026-08-20T14:11:27
NK-cuJECrVkbuRXYCuZGpEZGy,POLA YAROSLAVA,,US-RUSHAR,Russia (Urals/ESPO/Sokol),2026-08-20T14:11:27
NK-d5Gs9A9drvddizxVUPFzfJ,LATTAFA,pa,US-VEN,Venezuela (Merey),2026-08-20T14:11:27
NK-d8g6ScMF8FvH2vRiAwL76y,Adler,ru,US-RUSHAR,Russia (Urals/ESPO/Sokol),2026-08-20T14:11:27
NK-dAxFCK7dzSYQkxfqQNoTcS,HS Atlantica,lr,US-RUSHAR,Russia (Urals/ESPO/Sokol),2026-08-20T14:11:27
NK-dEYBgMtFRcYTYkpEqEjVYY,OMSK,ru,US-RUSHAR,Russia (Urals/ESPO/Sokol),2026-08-20T14:11:27
NK-dJKexf7kA7RWJ88jJsQMxs,GARDENIA,pa,US-VEN,Venezuela (Merey),2026-08-20T14:11:27
NK-dMPmTMRdwtqEChqxV5zwfP,ANDREY OSIPOV,ru,US-RUSHAR,Russia (Urals/ESPO/Sokol),2026-08-20T14:11:27
NK-dR6ZypJ8EmuTFcfJGuh2NG,LAMANTIN,ru,US-RUSHAR,Russia (Urals/ESPO/Sokol),2026-08-20T14:11:27
NK-dU2n2itE9XjBHjnj24MN5N,Leopard,vn,US-RUSHAR,Russia (Urals/ESPO/Sokol),2026-08-20T14:11:27
NK-dUt2pQok4qmMz9CVc6npgy,SURREY QUAYS,pa,US-RUSHAR,Russia (Urals/ESPO/Sokol),2026-08-20T14:11:27
NK-dWMYtpqmyKCNa3aPyNjBAn,Alpha Hermes,ru,US-RUSHAR,Russia (Urals/ESPO/Sokol),2026-08-20T14:11:27
NK-dfGgHMtHQ8s6HKaLPupaJh,Python,bb,US-RUSHAR,Russia (Urals/ESPO/Sokol),2026-08-20T14:11:27
NK-e2qE84PGmXMsqzoMNvV4dB,Galaxy,bb,US-RUSHAR,Russia (Urals/ESPO/Sokol),2026-08-20T14:11:27
NK-e6m4SxauoBxRxPgST9Mu2h,NS Century,lr,US-RUSHAR,Russia (Urals/ESPO/Sokol),2026-08-20T14:11:27
NK-eE4nEEqtTSzRdfRBek5kG5,NS Bravo,ga,US-RUSHAR,Russia (Urals/ESPO/Sokol),2026-08-20T14:11:27
NK-eMdpWwCa25WKWkWThtJuKa,TIS,ru,US-RUSHAR,Russia (Urals/ESPO/Sokol),2026-08-20T14:11:27
NK-eQ5MFgWU8i7Q65gkQsnCHk,Bolero,bb,US-RUSHAR,Russia (Urals/ESPO/Sokol),2026-08-20T14:11:27
NK-eYU296Y4JSEedkMKm8Zues,PARAMACONI,ve,US-VEN,Venezuela (Merey),2026-08-20T14:11:27
NK-eccMS3zTfVo52fUeZCeuxz,Avrora Altair,ru,US-RUSHAR,Russia (Urals/ESPO/Sokol),2026-08-20T14:11:27
NK-ema3HnpTGdptdoGHyC84CC,MOTI,dj,US-RUSHAR,Russia (Urals/ESPO/Sokol),2026-08-20T14:11:27
NK-etEy566832hvUBbn4dLSV3,UMKA,ru,US-RUSHAR,Russia (Urals/ESPO/Sokol),2026-08-20T14:11:27
NK-f4PdNTniSRSNRABfu6iiza,Olia,ga,US-RUSHAR,Russia (Urals/ESPO/Sokol),2026-08-20T14:11:27
NK-f9kUcyyjUFzrP9aYtV93FP,Pavel Chernysh,pa,US-RUSHAR,Russia (Urals/ESPO/Sokol),2026-08-20T14:11:27
NK-fABsq2Tvu4KVirDBQFRom8,TYMEN,ru,US-RUSHAR,Russia (Urals/ESPO/Sokol),2026-08-20T14:11:27
NK-fAKwo4MUG4rSD5Q9jJLXfg,Nord Star,pa,US-VEN,Venezuela (Merey),2026-08-20T14:11:27
NK-fBGW9wkGkci8NCoEeezynR,Velikiy Novgorod,bb,US-RUSHAR,Russia (Urals/ESPO/Sokol),2026-08-20T14:11:27
NK-fGW4zxT7qh5Bo9FUecTtRw,KOLA,ru,US-RUSHAR,Russia (Urals/ESPO/Sokol),2026-08-20T14:11:27
NK-fGtcYxL5U8nVo7VDXBEEPz,Ivy,vn,US-RUSHAR,Russia (Urals/ESPO/Sokol),2026-08-20T14:11:27
NK-fKzfEhWubqdUF5MbthMMNX,GAZPROMNEFT NORDWEST,ru,US-RUSHAR,Russia (Urals/ESPO/Sokol),2026-08-20T14:11:27
NK-fVLfiUajxdk6WK5zdZ2LZZ,AKADEMIK ALEKSANDR KARPINSKIY,ru,US-RUSHAR,Russia (Urals/ESPO/Sokol),2026-08-20T14:11:27
NK-fVTjfd9XLVHdJUu3rpzZG5,Ariadne,bb,US-RUSHAR,Russia (Urals/ESPO/Sokol),2026-08-20T14:11:27
NK-ffVZehfiZaze8f6822scRM,HS Arge,lr,US-RUSHAR,Russia (Urals/ESPO/Sokol),2026-08-20T14:11:27
NK-fgHjCxqXrjmheCAoxCushx,Sanar 8,ru,US-RUSHAR,Russia (Urals/ESPO/Sokol),2026-08-20T14:11:27
NK-fxggmcwwMp2yYdWUkJCfux,BAKHTEMIR,ru,US-RUSHAR,Russia (Urals/ESPO/Sokol),2026-08-20T14:11:27
NK-fyR8jmfUyGrsnrMDLhbFXL,Dignity,ru,US-RUSHAR,Russia (Urals/ESPO/Sokol),2026-08-20T14:11:27
NK-g54q38GVQH2CBbDUhegpkD,BICENTENARIO VIII,ve,US-VEN,Venezuela (Merey),2026-08-20T14:11:27
NK-g63coCrACUqq89MWiwSnFK,BICENTENARIO XIV,ve,US-VEN,Venezuela (Merey),2026-08-20T14:11:27
NK-gBeihcLAFLEdJEsJh7wNQ3,WEI FENG,pa,US-RUSHAR,Russia (Urals/ESPO/Sokol),2026-08-20T14:11:27
NK-gBhjwq8cNLhg5bKxdghrcW,ARJUN,pa,US-RUSHAR,Russia (Urals/ESPO/Sokol),2026-08-20T14:11:27
NK-gGo5Yhre3E9joKgSbzsAFw,ENISEY,ru,US-RUSHAR,Russia (Urals/ESPO/Sokol),2026-08-20T14:11:27
NK-gH8WYUDNCNZJwMcLah9HkW,Venture,pa,US-RUSHAR,Russia (Urals/ESPO/Sokol),2026-08-20T14:11:27
NK-gKFN5AEhpsYzLVAcXDx3Y4,Madame Gu,ky,US-RUSHAR,Russia (Urals/ESPO/Sokol),2026-08-20T14:11:27
NK-gLpqjfQbvnYZrRDFKLnzZq,SHUN TAI,lr,US-RUSHAR,Russia (Urals/ESPO/Sokol),2026-08-20T14:11:27
NK-gNxTaFDxgWJXAtdkDZ423o,CAYAURIMA,ve,US-VEN,Venezuela (Merey),2026-08-20T14:11:27
NK-gPkCq3CVvHvzmFQFF6kT6q,NS LION,ga,US-RUSHAR,Russia (Urals/ESPO/Sokol),2026-08-20T14:11:27
NK-gUy7Ghxv6awxxzBcWBFD97,Mona,lr,US-RUSHAR,Russia (Urals/ESPO/Sokol),2026-08-20T14:11:27
NK-ggWmGfRm9n4UnZwYAwsj9s,PORT olya-4,ru,US-RUSHAR,Russia (Urals/ESPO/Sokol),2026-08-20T14:11:27
NK-gkAeHGitsAsYyqNHzHfKPf,Boray,ru,US-RUSHAR,Russia (Urals/ESPO/Sokol),2026-08-20T14:11:27
NK-gyPrLRWW27pxfoYFSTHSMJ,Lady R,ru,US-RUSHAR,Russia (Urals/ESPO/Sokol),2026-08-20T14:11:27
NK-gyvhMq95zUDKwWm6YWXiEb,kompozitor rakhmaninov,ru,US-RUSHAR,Russia (Urals/ESPO/Sokol),2026-08-20T14:11:27
NK-h7DxNdx3KiEkPrdsJbAuSi,POLA MIROPIA,,US-RUSHAR,Russia (Urals/ESPO/Sokol),2026-08-20T14:11:27
NK-hChoaPCjoJiUrANLk9sruL,Cankiri,pa,US-RUSHAR,Russia (Urals/ESPO/Sokol),2026-08-20T14:11:27
NK-hKadDW9dhaiv6xuoSaoW4R,APUS,pa,US-RUSHAR,Russia (Urals/ESPO/Sokol),2026-08-20T14:11:27
NK-hMjDaxhiqv2eMJxPYDTQcP,BUK,ru,US-RUSHAR,Russia (Urals/ESPO/Sokol),2026-08-20T14:11:27
NK-hRV3Uu4jP4mz772ourEtdA,SIENNA,ru,US-VEN,Venezuela (Merey),2026-08-20T14:11:27
NK-hTSCNLbHPCiKY6JaeeGhyP,SIBERIA,ru,US-RUSHAR,Russia (Urals/ESPO/Sokol),2026-08-20T14:11:27
NK-hbcgntyQYUGFCKEjmcB6hN,NEGA,ru,US-RUSHAR,Russia (Urals/ESPO/Sokol),2026-08-20T14:11:27
NK-hdYaQjSahKPzKpwahecZ6T,Alexey Kosygin,ru,US-RUSHAR,Russia (Urals/ESPO/Sokol),2026-08-20T14:11:27
NK-hnvm5YX56rsUkJFw4p4bsX,NEVE,pa,US-RUSHAR,Russia (Urals/ESPO/Sokol),2026-08-20T14:11:27
NK-hoKd23RE6DFxNtNNFPGWXG,HEIDI A,pa,US-RUSHAR,Russia (Urals/ESPO/Sokol),2026-08-20T14:11:27
NK-hp8dGke2kAzQN6WgDVu5cV,White Crane,pa,US-VEN,Venezuela (Merey),2026-08-20T14:11:27
NK-hr4Vp7gm88mpwg444XLnqh,Sakhalin 8,ru,US-RUSHAR,Russia (Urals/ESPO/Sokol),2026-08-20T14:11:27
NK-hxKGghm52r9kmwdr426fKD,TURUKHAN,ru,US-RUSHAR,Russia (Urals/ESPO/Sokol),2026-08-20T14:11:27
NK-i6qnkXQKUZz9VCWpGoPwrC,Ligovsky Prospect,lr,US-RUSHAR,Russia (Urals/ESPO/Sokol),2026-08-20T14:11:27
NK-i9rHC6pwp8CXbivvLAthqL,OKEANSKY PROSPECT,ru,US-RUSHAR,Russia (Urals/ESPO/Sokol),2026-08-20T14:11:27
NK-iCr4QNT3EeDqsdd7oAphui,VITUS BERING,ru,US-RUSHAR,Russia (Urals/ESPO/Sokol),2026-08-20T14:11:27
NK-iHJUpypMeUq9Mwn4bgmt4m,CUP,ag,US-RUSHAR,Russia (Urals/ESPO/Sokol),2026-08-20T14:11:27
NK-iKPcpaA89KEjFbzdkmkZ7B,port olya-3,ru,US-RUSHAR,Russia (Urals/ESPO/Sokol),2026-08-20T14:11:27
NK-iSNaYEhgnZAfEVXxVgZJSq,Gennadiy Nevelskoy,ru,US-RUSHAR,Russia (Urals/ESPO/Sokol),2026-08-20T14:11:27
NK-iWM7B5csioPaF5oiviZ9T8,Valour,pa,US-RUSHAR,Russia (Urals/ESPO/Sokol),2026-08-20T14:11:27
NK-ihvopYSSjxXaaJyQGyJ39M,Anatta,ky,US-RUSHAR,Russia (Urals/ESPO/Sokol),2026-08-20T14:11:27
NK-iiRPBA4VdjHNfoRqpSh2MQ,Cassiopeia,bb,US-RUSHAR,Russia (Urals/ESPO/Sokol),2026-08-20T14:11:27
NK-ik9XAzHY8iqEyaBiTs26pm,Hyperion,bb,US-RUSHAR,Russia (Urals/ESPO/Sokol),2026-08-20T14:11:27
NK-ip7SSbQzjzRgXXt8Q39oXS,Sakhalin 10,ru,US-RUSHAR,Russia (Urals/ESPO/Sokol),2026-08-20T14:11:27
NK-ipQ2thWKzhtzDZTSiJJQW9,Dvinskiy Zaliv,ru,US-RUSHAR,Russia (Urals/ESPO/Sokol),2026-08-20T14:11:27
NK-itDTmiwykzq5UA8DLKbyUC,Legacy,bb,US-RUSHAR,Russia (Urals/ESPO/Sokol),2026-08-20T14:11:27
NK-iur3rNmgnCiQzUnf2uF5cd,BALIAR,lr,US-VEN,Venezuela (Merey),2026-08-20T14:11:27
NK-ixCdNFFs8ET2eTVRnD5mX4,Sandino,pa,US-VEN,Venezuela (Merey),2026-08-20T14:11:27
NK-j22aDdmST8M4jhVkcTBcFN,Omskiy-119,ru,US-RUSHAR,Russia (Urals/ESPO/Sokol),2026-08-20T14:11:27
NK-j7kdJk5VCmbsD3N5d6wssj,Askar-sarydzha,ru,US-RUSHAR,Russia (Urals/ESPO/Sokol),2026-08-20T14:11:27
NK-j7nSCSxB6P7nddmvE7ekE4,SASCO ANIVA,ru,US-RUSHAR,Russia (Urals/ESPO/Sokol),2026-08-20T14:11:27
NK-jCjtX6vUUJbJrNu4nZjwqa,Aleksey Maryshev,ru,US-RUSHAR,Russia (Urals/ESPO/Sokol),2026-08-20T14:11:27
NK-jG4MNXGc24AFFuqd97X7kd,Diamond,bb,US-RUSHAR,Russia (Urals/ESPO/Sokol),2026-08-20T14:11:27
NK-jLrTZQYwjddZoudJaL4syi,TURACO,pa,US-RUSHAR,Russia (Urals/ESPO/Sokol),2026-08-20T14:11:27
NK-jNzkADK8BfBtdnsLDD3wkc,North Mountain,pa,US-RUSHAR,Russia (Urals/ESPO/Sokol),2026-08-20T14:11:27
NK-jZKSyWN47AVxyLYzzGkM7X,ARKADIY CHERNYSHEV,ru,US-RUSHAR,Russia (Urals/ESPO/Sokol),2026-08-20T14:11:27
NK-jZfLB4Pk7qpWUFQCzN9KMm,HS Glory,lr,US-RUSHAR,Russia (Urals/ESPO/Sokol),2026-08-20T14:11:27
NK-jjVEqLfBKijkpvBra87ovE,Pizhma,ru,US-RUSHAR,Russia (Urals/ESPO/Sokol),2026-08-20T14:11:27
NK-jmBdiPufZGs5e3tjftDuhB,Mekhanik Yartsev,ru,US-RUSHAR,Russia (Urals/ESPO/Sokol),2026-08-20T14:11:27
NK-jnK5aaJF5K86W2QU4YvHei,Vladimir Arsenyev,pa,US-RUSHAR,Russia (Urals/ESPO/Sokol),2026-08-20T14:11:27
NK-jnvxMsYmP3xPN5pgPx9ySZ,TRIBILIN,ve,US-VEN,Venezuela (Merey),2026-08-20T14:11:27
NK-jtP3fwM4zE7rtnmYXL7UWY,DMITRY MENDELEEV,ru,US-RUSHAR,Russia (Urals/ESPO/Sokol),2026-08-20T14:11:27
NK-juY3zBEFqiSS2v9WDVEzNH,Viktor Titov,pa,US-RUSHAR,Russia (Urals/ESPO/Sokol),2026-08-20T14:11:27
NK-jvGx7GuXBxFd2AbxzmuspN,Carlota C,pa,US-VEN,Venezuela (Merey),2026-08-20T14:11:27
NK-jxE7cWdH2J89D56ComF4vC,Alara,tr,US-RUSHAR,Russia (Urals/ESPO/Sokol),2026-08-20T14:11:27
NK-k3Bhn2YGXmWiSyr7m3TTo3,Meru,sl,US-RUSHAR,Russia (Urals/ESPO/Sokol),2026-08-20T14:11:27
NK-kBJtgsUUZrCAd3AJSwS3vm,MURMAN,ru,US-RUSHAR,Russia (Urals/ESPO/Sokol),2026-08-20T14:11:27
NK-kE7GkbtbH7T3z8EJWr9n2q,Port Olya-1,ru,US-RUSHAR,Russia (Urals/ESPO/Sokol),2026-08-20T14:11:27
NK-kGxpfWuyAB4U4PyDf9Zvr2,TERSKIY BEREG,ru,US-RUSHAR,Russia (Urals/ESPO/Sokol),2026-08-20T14:11:27
NK-kKSyYLjScBGkChdtNwKbPk,FINVAL,ru,US-RUSHAR,Russia (Urals/ESPO/Sokol),2026-08-20T14:11:27
NK-kKyLkSSN9P892FhEZG8iPQ,NURSULTAN NAZARBAYEV,ru,US-RUSHAR,Russia (Urals/ESPO/Sokol),2026-08-20T14:11:27
NK-kMgsQehSRJ9XUkXyRpqoTD,Alexander Beggrov,ru,US-RUSHAR,Russia (Urals/ESPO/Sokol),2026-08-20T14:11:27
NK-kNwqGsArJkPSTUK5JgqpQr,SCF Primorye,lr,US-RUSHAR,Russia (Urals/ESPO/Sokol),2026-08-20T14:11:27
NK-kQ4CFwdYvmbPfQBp5X2kN3,TAMIA,cn;hk,US-VEN,Venezuela (Merey),2026-08-20T14:11:27
NK-kTafKjSQykRQZqCKkHyoaC,AQUATICA,pa,US-RUSHAR,Russia (Urals/ESPO/Sokol),2026-08-20T14:11:27
NK-kUvoqN5z2TtzoZKyAZRiLn,Lady Mariia,ru,US-RUSHAR,Russia (Urals/ESPO/Sokol),2026-08-20T14:11:27
NK-kVaUffsej7DPpRTiebQ25i,Mikhail Lomonosov,ru,US-RUSHAR,Russia (Urals/ESPO/Sokol),2026-08-20T14:11:27
NK-kWZAw3YbiL4izeHCktBbrW,HS Esberg,lr,US-RUSHAR,Russia (Urals/ESPO/Sokol),2026-08-20T14:11:27
NK-kevWhCCKsmzFGVqxMxevn9,Stepan Makarov,ru,US-RUSHAR,Russia (Urals/ESPO/Sokol),2026-08-20T14:11:27
NK-ki4hEGeWik6dJsYx6GauFe,AMBER 6,pa,US-RUSHAR,Russia (Urals/ESPO/Sokol),2026-08-20T14:11:27
NK-kjv3TE8mPeNfTvUqZtxzeR,Zaliv Amurskiy,pa,US-RUSHAR,Russia (Urals/ESPO/Sokol),2026-08-20T14:11:27
NK-kmpVNXtxvprEXFzLT2nM2i,Timofey Guzhenko,ru,US-RUSHAR,Russia (Urals/ESPO/Sokol),2026-08-20T14:11:27
NK-knG5b36FpLrMcEKi3Y6s9D,Lyra,pa,US-RUSHAR,Russia (Urals/ESPO/Sokol),2026-08-20T14:11:27
NK-kpTbyHvEZHbs926KmUchCi,Nan Feng Zhi Xing,pa,US-RUSHAR,Russia (Urals/ESPO/Sokol),2026-08-20T14:11:27
NK-kqNutyB8VWCCNVpzL6sw6f,MURMANSK,ru,US-RUSHAR,Russia (Urals/ESPO/Sokol),2026-08-20T14:11:27
NK-kyZ8ckcgKeHcCZs55qXS8f,THALIA III,pa,US-RUSHAR,Russia (Urals/ESPO/Sokol),2026-08-20T14:11:27
NK-m93iEiSYTZGVdNtijYg3Lu,NS Leader,ga,US-RUSHAR,Russia (Urals/ESPO/Sokol),2026-08-20T14:11:27
NK-mDrhhssMhJr83gUFgZ6fzA,YUZHMORGEOLOGIYA,ru,US-RUSHAR,Russia (Urals/ESPO/Sokol),2026-08-20T14:11:27
NK-mEwJt8iraZmmyiKKKvDnPz,POLA PELAGIA,,US-RUSHAR,Russia (Urals/ESPO/Sokol),2026-08-20T14:11:27
NK-mKMqgtab4npT2jsmb8Knok,POLA AGATA,,US-RUSHAR,Russia (Urals/ESPO/Sokol),2026-08-20T14:11:27
NK-mPXuzRZD3sLcLtZ956sGXG,Pawell,sy,US-RUSHAR,Russia (Urals/ESPO/Sokol),2026-08-20T14:11:27
NK-mQH8TBs5eUa2eX9UiPrBEA,BICENTENARIO III,ve,US-VEN,Venezuela (Merey),2026-08-20T14:11:27
NK-mQzE84KBfZDooHk4G6vY7W,AULIS,pa,US-RUSHAR,Russia (Urals/ESPO/Sokol),2026-08-20T14:11:27
NK-mW8XwBffCGX7odajrBrQGc,POLA ANATOLIA,,US-RUSHAR,Russia (Urals/ESPO/Sokol),2026-08-20T14:11:27
NK-mWdDVEw5DVWtaber6oMbkr,OLANGA,ru,US-RUSHAR,Russia (Urals/ESPO/Sokol),2026-08-20T14:11:27
NK-mbQfnPAYtpH7Y64552m6Vi,SI HE,pa,US-RUSHAR,Russia (Urals/ESPO/Sokol),2026-08-20T14:11:27
NK-mcjuA7NgEEnCtWJ6exk49U,GAZPROMNEFT ZUID EAST,ru,US-RUSHAR,Russia (Urals/ESPO/Sokol),2026-08-20T14:11:27
NK-meGo3ak82tX3wvmb6MNAMW,Akademik Chersky,ru,US-RUSHAR,Russia (Urals/ESPO/Sokol),2026-08-20T14:11:27
NK-mggXRREqiNjMLBtFLf9SJv,Samsun,pa,US-RUSHAR,Russia (Urals/ESPO/Sokol),2026-08-20T14:11:27
NK-miCHA57QksvrA5j3D2u5Tt,YARD NO.131040 ZVEZDA-DSME,ru,US-RUSHAR,Russia (Urals/ESPO/Sokol),2026-08-20T14:11:27
NK-mnLFY3Nf7PDwcBkNN3ADkF,Callisto,bb,US-RUSHAR,Russia (Urals/ESPO/Sokol),2026-08-20T14:11:27
NK-mpiUirZknjXABb8va9XGQH,Pskov,bb,US-RUSHAR,Russia (Urals/ESPO/Sokol),2026-08-20T14:11:27
NK-nLTTJP3zYncNvh7vhqihJH,Kazan,lr,US-RUSHAR,Russia (Urals/ESPO/Sokol),2026-08-20T14:11:27
NK-nMYeUMwfQr3btX3eiFic32,PUGNAX,sg,US-RUSHAR,Russia (Urals/ESPO/Sokol),2026-08-20T14:11:27
NK-nPw24mx7aaHb8G6n4tqNpC,Trust,bb,US-RUSHAR,Russia (Urals/ESPO/Sokol),2026-08-20T14:11:27
NK-nRRaJ6oyXT3QKPjKS7N4d5,Sakarya,pa,US-RUSHAR,Russia (Urals/ESPO/Sokol),2026-08-20T14:11:27
NK-nVDxdJGH58QULtMvWb7b8P,Anastasiia,ru,US-RUSHAR,Russia (Urals/ESPO/Sokol),2026-08-20T14:11:27
NK-nY5Jb84Uq35yUNcy4rCuZq,VAFA-1,ru,US-RUSHAR,Russia (Urals/ESPO/Sokol),2026-08-20T14:11:27
NK-nbxCEtLkqXnff7YifcXJgY,RZK CONSTANTA,ru,US-RUSHAR,Russia (Urals/ESPO/Sokol),2026-08-20T14:11:27
NK-ngghUGkJ7Q8nFHDnEmrCR6,PARAMUSHIR,ru,US-RUSHAR,Russia (Urals/ESPO/Sokol),2026-08-20T14:11:27
NK-no6qUosL9USWGJ7fr2a5bg,Ivan Sidorenko,ru,US-RUSHAR,Russia (Urals/ESPO/Sokol),2026-08-20T14:11:27
NK-nsAUW2VQN68h2izHfGrzVn,Symphony,bb,US-RUSHAR,Russia (Urals/ESPO/Sokol),2026-08-20T14:11:27
NK-nseZWGPtvZvfvoosXaMMRr,Lady D,ru,US-RUSHAR,Russia (Urals/ESPO/Sokol),2026-08-20T14:11:27
NK-o8V8AfugXM7hxNu2PxeAH9,Kapitan Sakharov,ru,US-RUSHAR,Russia (Urals/ESPO/Sokol),2026-08-20T14:11:27
NK-o8xbxcxidTwjRyxZHEjTM5,NARVAL,ru,US-RUSHAR,Russia (Urals/ESPO/Sokol),2026-08-20T14:11:27
NK-o9PhhnweFki4pto8HPeMcY,LITEYNY PROSPECT,ga,US-RUSHAR,Russia (Urals/ESPO/Sokol),2026-08-20T14:11:27
NK-oBargbGKvxQbbvjuJyxWZH,Success,bb,US-RUSHAR,Russia (Urals/ESPO/Sokol),2026-08-20T14:11:27
NK-oDZavGfQYL66tLFfGJnfak,Petion,pa,US-VEN,Venezuela (Merey),2026-08-20T14:11:27
NK-oHvTMT5tQmve9smbfCirgA,UMBA,ru,US-RUSHAR,Russia (Urals/ESPO/Sokol),2026-08-20T14:11:27
NK-oShNRvwaboHKbkPtLea4UX,Angara,ru,US-RUSHAR,Russia (Urals/ESPO/Sokol),2026-08-20T14:11:27
NK-oXGJSt32ZH3KNbEGY7ZbrX,Orient Vision,pa,US-RUSHAR,Russia (Urals/ESPO/Sokol),2026-08-20T14:11:27
